condition_key,sample_id,x,y,mesh_m,fidelity_code,yangtze_q_m3s,dongting_q_m3s,downstream_level_m,water_level_lf,velocity_magnitude_lf,flow_direction_lf,transverse_velocity_lf,tke_stat_lf,water_level_hf,velocity_magnitude_hf,flow_direction_hf,transverse_velocity_hf,tke_stat_hf
low_flow,1,0.04166667,0.55176381,30,1.0,7580,2000,19.316,19.33482696,0.60795587,2.35138298,0.03281901,0.01562610,19.34021752,0.67311407,3.05187146,0.03808229,0.02237570
low_flow,1,0.04166667,0.55176381,40,1.0,7580,2000,19.316,19.32561316,0.55569133,1.68569926,0.02423952,0.01525637,19.34021752,0.67311407,3.05187146,0.03808229,0.02237570
low_flow,1,0.04166667,0.55176381,50,1.0,7580,2000,19.316,19.32397632,0.50906666,1.05318046,0.02024053,0.01555368,19.34021752,0.67311407,3.05187146,0.03808229,0.02237570
low_flow,1,0.04166667,0.55176381,100,0.0,7580,2000,19.316,19.29049894,0.33208289,-1.82757389,-0.00810224,0.00490928,19.34021752,0.67311407,3.05187146,0.03808229,0.02237570
low_flow,1,0.04166667,0.55176381,200,0.0,7580,2000,19.316,19.23184780,0.12055191,-6.93271848,-0.05777384,0.00000000,19.34021752,0.67311407,3.05187146,0.03808229,0.02237570
low_flow,2,0.08333333,0.60000000,30,1.0,7580,2000,19.316,19.35280773,0.60376832,4.46921053,0.05831537,0.02002320,19.35951200,0.66512203,5.36114281,0.06702400,0.02197610
low_flow,2,0.08333333,0.60000000,40,1.0,7580,2000,19.316,19.35179530,0.54784991,3.64231688,0.04717245,0.01785577,19.35951200,0.66512203,5.36114281,0.06702400,0.02197610
low_flow,2,0.08333333,0.60000000,50,1.0,7580,2000,19.316,19.34376994,0.50099024,2.86969198,0.03912584,0.01560520,19.35951200,0.66512203,5.36114281,0.06702400,0.02197610
low_flow,2,0.08333333,0.60000000,100,0.0,7580,2000,19.316,19.31299851,0.32778516,-0.48438752,0.00743176,0.00501017,19.35951200,0.66512203,5.36114281,0.06702400,0.02197610
low_flow,2,0.08333333,0.60000000,200,0.0,7580,2000,19.316,19.25194938,0.12060623,-6.05331509,-0.04506049,0.00000000,19.35951200,0.66512203,5.36114281,0.06702400,0.02197610
low_flow,3,0.12500000,0.64142136,30,1.0,7580,2000,19.316,19.37065878,0.59230252,6.51103228,0.07965131,0.01763763,19.37608054,0.65240854,7.59070178,0.09187681,0.02134043
low_flow,3,0.12500000,0.64142136,40,1.0,7580,2000,19.316,19.36280279,0.53733831,5.53578800,0.06813004,0.01802166,19.37608054,0.65240854,7.59070178,0.09187681,0.02134043
low_flow,3,0.12500000,0.64142136,50,1.0,7580,2000,19.316,19.35471480,0.49053774,4.62725604,0.06151639,0.01522594,19.37608054,0.65240854,7.59070178,0.09187681,0.02134043
low_flow,3,0.12500000,0.64142136,100,0.0,7580,2000,19.316,19.32966724,0.31860984,0.81227401,0.02313270,0.00402462,19.37608054,0.65240854,7.59070178,0.09187681,0.02134043
low_flow,3,0.12500000,0.64142136,200,0.0,7580,2000,19.316,19.26552917,0.11174432,-5.20462448,-0.03593819,0.00000000,19.37608054,0.65240854,7.59070178,0.09187681,0.02134043
low_flow,4,0.16666667,0.67320508,30,1.0,7580,2000,19.316,19.38417500,0.57498494,8.45160148,0.09903746,0.01719966,19.38879403,0.63584000,9.70240000,0.11094705,0.02051200
low_flow,4,0.16666667,0.67320508,40,1.0,7580,2000,19.316,19.37770758,0.52252361,7.32164677,0.08525945,0.01299137,19.38879403,0.63584000,9.70240000,0.11094705,0.02051200
low_flow,4,0.16666667,0.67320508,50,1.0,7580,2000,19.316,19.37176798,0.47722261,6.28971003,0.07632137,0.01404424,19.38879403,0.63584000,9.70240000,0.11094705,0.02051200
low_flow,4,0.16666667,0.67320508,100,0.0,7580,2000,19.316,19.34212480,0.30947745,2.04008364,0.03234466,0.00055091,19.38879403,0.63584000,9.70240000,0.11094705,0.02051200
low_flow,4,0.16666667,0.67320508,200,0.0,7580,2000,19.316,19.27789981,0.10504162,-4.39878839,-0.02885425,0.00000000,19.38879403,0.63584000,9.70240000,0.11094705,0.02051200
low_flow,5,0.20833333,0.69318517,30,1.0,7580,2000,19.316,19.39002974,0.56073655,10.24663217,0.11025953,0.01506605,19.39678607,0.61654552,11.66010572,0.12293510,0.01954728
low_flow,5,0.20833333,0.69318517,40,1.0,7580,2000,19.316,19.38437519,0.50559616,8.98076746,0.09786290,0.01111085,19.39678607,0.61654552,11.66010572,0.12293510,0.01954728
low_flow,5,0.20833333,0.69318517,50,1.0,7580,2000,19.316,19.37965491,0.46344439,7.82999731,0.08190717,0.01253582,19.39678607,0.61654552,11.66010572,0.12293510,0.01954728
low_flow,5,0.20833333,0.69318517,100,0.0,7580,2000,19.316,19.34772708,0.29892205,3.17917494,0.04267745,0.00288598,19.39678607,0.61654552,11.66010572,0.12293510,0.01954728
low_flow,5,0.20833333,0.69318517,200,0.0,7580,2000,19.316,19.28673907,0.10068127,-3.64913798,-0.02235983,0.00000000,19.39678607,0.61654552,11.66010572,0.12293510,0.01954728
low_flow,6,0.25000000,0.70000000,30,1.0,7580,2000,19.316,19.39422574,0.54206881,11.86901886,0.11125628,0.01413033,19.39951200,0.59584000,13.43032206,0.12702400,0.01851200
low_flow,6,0.25000000,0.70000000,40,1.0,7580,2000,19.316,19.38673238,0.48719578,10.48289917,0.09920301,0.01074652,19.39951200,0.59584000,13.43032206,0.12702400,0.01851200
low_flow,6,0.25000000,0.70000000,50,1.0,7580,2000,19.316,19.37948084,0.44729238,9.22673299,0.09201236,0.01740410,19.39951200,0.59584000,13.43032206,0.12702400,0.01851200
low_flow,6,0.25000000,0.70000000,100,0.0,7580,2000,19.316,19.35234082,0.28443953,4.20406269,0.04238659,0.00113691,19.39951200,0.59584000,13.43032206,0.12702400,0.01851200
low_flow,6,0.25000000,0.70000000,200,0.0,7580,2000,19.316,19.29068129,0.09119565,-2.97420446,-0.02138560,0.00000000,19.39951200,0.59584000,13.43032206,0.12702400,0.01851200
low_flow,7,0.29166667,0.69318517,30,1.0,7580,2000,19.316,19.39046880,0.51807500,13.29230213,0.10781188,0.01492613,19.39678607,0.57513448,14.98276013,0.12293510,0.01747672
low_flow,7,0.29166667,0.69318517,40,1.0,7580,2000,19.316,19.38832193,0.47266265,11.79921982,0.09518370,0.01044090,19.39678607,0.57513448,14.98276013,0.12293510,0.01747672
low_flow,7,0.29166667,0.69318517,50,1.0,7580,2000,19.316,19.37685583,0.42891134,10.45170586,0.08315652,0.01243818,19.39678607,0.57513448,14.98276013,0.12293510,0.01747672
low_flow,7,0.29166667,0.69318517,100,0.0,7580,2000,19.316,19.34698021,0.27624366,5.11167695,0.03916062,0.00207936,19.39678607,0.57513448,14.98276013,0.12293510,0.01747672
low_flow,7,0.29166667,0.69318517,200,0.0,7580,2000,19.316,19.28747649,0.08540912,-2.38229923,-0.02752942,0.00000000,19.39678607,0.57513448,14.98276013,0.12293510,0.01747672
low_flow,8,0.33333333,0.67320508,30,1.0,7580,2000,19.316,19.38313921,0.50560314,14.49606060,0.09754901,0.01472028,19.38879403,0.55584000,16.29085727,0.11094705,0.01651200
low_flow,8,0.33333333,0.67320508,40,1.0,7580,2000,19.316,19.37940604,0.45648961,12.90498939,0.08823550,0.01285073,19.38879403,0.55584000,16.29085727,0.11094705,0.01651200
low_flow,8,0.33333333,0.67320508,50,1.0,7580,2000,19.316,19.37386554,0.41553576,11.47499773,0.07262356,0.01330343,19.38879403,0.55584000,16.29085727,0.11094705,0.01651200
low_flow,8,0.33333333,0.67320508,100,0.0,7580,2000,19.316,19.34424136,0.26280375,5.87066227,0.03542699,0.00000000,19.38879403,0.55584000,16.29085727,0.11094705,0.01651200
low_flow,8,0.33333333,0.67320508,200,0.0,7580,2000,19.316,19.27900458,0.07843933,-1.88290476,-0.02966404,0.00000000,19.38879403,0.55584000,16.29085727,0.11094705,0.01651200
low_flow,9,0.37500000,0.64142136,30,1.0,7580,2000,19.316,19.37075569,0.49005942,15.45131106,0.08157853,0.00928825,19.37608054,0.53927146,17.33223159,0.09187681,0.01568357
low_flow,9,0.37500000,0.64142136,40,1.0,7580,2000,19.316,19.36398311,0.44032325,13.78589423,0.06810540,0.01062292,19.37608054,0.53927146,17.33223159,0.09187681,0.01568357
low_flow,9,0.37500000,0.64142136,50,1.0,7580,2000,19.316,19.35991235,0.39947041,12.29748771,0.05937561,0.00869392,19.37608054,0.53927146,17.33223159,0.09187681,0.01568357
low_flow,9,0.37500000,0.64142136,100,0.0,7580,2000,19.316,19.33008606,0.25460615,6.47955362,0.02110774,0.00000000,19.37608054,0.53927146,17.33223159,0.09187681,0.01568357
low_flow,9,0.37500000,0.64142136,200,0.0,7580,2000,19.316,19.26763282,0.07131379,-1.48429129,-0.03910129,0.00000000,19.37608054,0.53927146,17.33223159,0.09187681,0.01568357
low_flow,10,0.41666667,0.60000000,30,1.0,7580,2000,19.316,19.35396846,0.48061565,16.14922605,0.05578342,0.01223064,19.35951200,0.52655797,18.08906487,0.06702400,0.01504790
low_flow,10,0.41666667,0.60000000,40,1.0,7580,2000,19.316,19.34458512,0.43005415,14.43034720,0.05121171,0.00929429,19.35951200,0.52655797,18.08906487,0.06702400,0.01504790
low_flow,10,0.41666667,0.60000000,50,1.0,7580,2000,19.316,19.34020371,0.38781799,12.89303284,0.03864997,0.00778986,19.35951200,0.52655797,18.08906487,0.06702400,0.01504790
low_flow,10,0.41666667,0.60000000,100,0.0,7580,2000,19.316,19.30975828,0.24594983,6.91338273,0.00403335,0.00500727,19.35951200,0.52655797,18.08906487,0.06702400,0.01504790
low_flow,10,0.41666667,0.60000000,200,0.0,7580,2000,19.316,19.24893715,0.06378275,-1.19210294,-0.04060819,0.00000000,19.35951200,0.52655797,18.08906487,0.06702400,0.01504790
low_flow,11,0.45833333,0.55176381,30,1.0,7580,2000,19.316,19.33348103,0.46893167,16.57034501,0.02896416,0.01194825,19.34021752,0.51856593,18.54840750,0.03808229,0.01464830
low_flow,11,0.45833333,0.55176381,40,1.0,7580,2000,19.316,19.32977220,0.42533219,14.81823710,0.02400548,0.00766402,19.34021752,0.51856593,18.54840750,0.03808229,0.01464830
low_flow,11,0.45833333,0.55176381,50,1.0,7580,2000,19.316,19.32174118,0.38528686,13.25550962,0.01687540,0.00947717,19.34021752,0.51856593,18.54840750,0.03808229,0.01464830
low_flow,11,0.45833333,0.55176381,100,0.0,7580,2000,19.316,19.29424296,0.24180268,7.18466136,-0.00975283,0.00051662,19.34021752,0.51856593,18.54840750,0.03808229,0.01464830
low_flow,11,0.45833333,0.55176381,200,0.0,7580,2000,19.316,19.23077441,0.06355892,-1.02064972,-0.05327844,0.00000000,19.34021752,0.51856593,18.54840750,0.03808229,0.01464830
low_flow,12,0.50000000,0.50000000,30,1.0,7580,2000,19.316,19.31428369,0.46422159,16.70594031,0.00482632,0.01283926,19.31951200,0.51584000,18.70240000,0.00702400,0.01451200
low_flow,12,0.50000000,0.50000000,40,1.0,7580,2000,19.316,19.30847229,0.41866337,14.95134640,-0.00113862,0.00807744,19.31951200,0.51584000,18.70240000,0.00702400,0.01451200
low_flow,12,0.50000000,0.50000000,50,1.0,7580,2000,19.316,19.30056895,0.38420066,13.37640415,-0.00705363,0.00821980,19.31951200,0.51584000,18.70240000,0.00702400,0.01451200
low_flow,12,0.50000000,0.50000000,100,0.0,7580,2000,19.316,19.27100805,0.24021210,7.27643136,-0.03304960,0.00000000,19.31951200,0.51584000,18.70240000,0.00702400,0.01451200
low_flow,12,0.50000000,0.50000000,200,0.0,7580,2000,19.316,19.21186502,0.06247748,-0.96242322,-0.07283253,0.00000000,19.31951200,0.51584000,18.70240000,0.00702400,0.01451200
low_flow,13,0.54166667,0.44823619,30,1.0,7580,2000,19.316,19.29626118,0.46518084,16.56861528,-0.02670685,0.01231616,19.29880648,0.51856593,18.54840750,-0.02403429,0.01464830
low_flow,13,0.54166667,0.44823619,40,1.0,7580,2000,19.316,19.28470068,0.42379374,14.82158950,-0.02720273,0.01387843,19.29880648,0.51856593,18.54840750,-0.02403429,0.01464830
low_flow,13,0.54166667,0.44823619,50,1.0,7580,2000,19.316,19.28316130,0.38669781,13.25853315,-0.03004665,0.01019007,19.29880648,0.51856593,18.54840750,-0.02403429,0.01464830
low_flow,13,0.54166667,0.44823619,100,0.0,7580,2000,19.316,19.25021333,0.24162491,7.18256300,-0.04399425,0.00000000,19.29880648,0.51856593,18.54840750,-0.02403429,0.01464830
low_flow,13,0.54166667,0.44823619,200,0.0,7580,2000,19.316,19.19237118,0.06254463,-1.01811266,-0.07967165,0.00000000,19.29880648,0.51856593,18.54840750,-0.02403429,0.01464830
low_flow,14,0.58333333,0.40000000,30,1.0,7580,2000,19.316,19.27497355,0.47243662,16.14533845,-0.05494585,0.01176885,19.27951200,0.52655797,18.08906487,-0.05297600,0.01504790
low_flow,14,0.58333333,0.40000000,40,1.0,7580,2000,19.316,19.27053446,0.43251063,14.42831813,-0.05492235,0.01081802,19.27951200,0.52655797,18.08906487,-0.05297600,0.01504790
low_flow,14,0.58333333,0.40000000,50,1.0,7580,2000,19.316,19.25907888,0.39077029,12.89398219,-0.05140276,0.01006626,19.27951200,0.52655797,18.08906487,-0.05297600,0.01504790
low_flow,14,0.58333333,0.40000000,100,0.0,7580,2000,19.316,19.22692942,0.24674709,6.91704225,-0.06197222,0.00398120,19.27951200,0.52655797,18.08906487,-0.05297600,0.01504790
low_flow,14,0.58333333,0.40000000,200,0.0,7580,2000,19.316,19.16738552,0.06479412,-1.19459495,-0.09538304,0.00000000,19.27951200,0.52655797,18.08906487,-0.05297600,0.01504790
low_flow,15,0.62500000,0.35857864,30,1.0,7580,2000,19.316,19.25768017,0.48893762,15.44998801,-0.07377505,0.01552554,19.26294346,0.53927146,17.33223159,-0.07782881,0.01568357
low_flow,15,0.62500000,0.35857864,40,1.0,7580,2000,19.316,19.25140921,0.44247851,13.78887254,-0.07568331,0.01099611,19.26294346,0.53927146,17.33223159,-0.07782881,0.01568357
low_flow,15,0.62500000,0.35857864,50,1.0,7580,2000,19.316,19.24463841,0.40288998,12.29942609,-0.07539960,0.00909925,19.26294346,0.53927146,17.33223159,-0.07782881,0.01568357
low_flow,15,0.62500000,0.35857864,100,0.0,7580,2000,19.316,19.21790637,0.25204274,6.47523433,-0.07684470,0.00280713,19.26294346,0.53927146,17.33223159,-0.07782881,0.01568357
low_flow,15,0.62500000,0.35857864,200,0.0,7580,2000,19.316,19.15496631,0.07348672,-1.48293085,-0.10002201,0.00000000,19.26294346,0.53927146,17.33223159,-0.07782881,0.01568357
low_flow,16,0.66666667,0.32679492,30,1.0,7580,2000,19.316,19.24888527,0.50203463,14.49173357,-0.08968970,0.01323322,19.25022997,0.55584000,16.29085727,-0.09689905,0.01651200
low_flow,16,0.66666667,0.32679492,40,1.0,7580,2000,19.316,19.23844573,0.45866995,12.90260673,-0.09262113,0.00879066,19.25022997,0.55584000,16.29085727,-0.09689905,0.01651200
low_flow,16,0.66666667,0.32679492,50,1.0,7580,2000,19.316,19.23064170,0.41604856,11.47849504,-0.08774591,0.00717604,19.25022997,0.55584000,16.29085727,-0.09689905,0.01651200
low_flow,16,0.66666667,0.32679492,100,0.0,7580,2000,19.316,19.19760976,0.26327150,5.87048509,-0.08741788,0.00300391,19.25022997,0.55584000,16.29085727,-0.09689905,0.01651200
low_flow,16,0.66666667,0.32679492,200,0.0,7580,2000,19.316,19.14250645,0.07867294,-1.88165712,-0.10792424,0.00000000,19.25022997,0.55584000,16.29085727,-0.09689905,0.01651200
low_flow,17,0.70833333,0.30681483,30,1.0,7580,2000,19.316,19.23587871,0.52053986,13.29729255,-0.10468390,0.01607603,19.24223793,0.57513448,14.98276013,-0.10888710,0.01747672
low_flow,17,0.70833333,0.30681483,40,1.0,7580,2000,19.316,19.22970626,0.47216701,11.79891338,-0.10426332,0.01021784,19.24223793,0.57513448,14.98276013,-0.10888710,0.01747672
low_flow,17,0.70833333,0.30681483,50,1.0,7580,2000,19.316,19.22127356,0.42569456,10.44609239,-0.09623901,0.01019143,19.24223793,0.57513448,14.98276013,-0.10888710,0.01747672
low_flow,17,0.70833333,0.30681483,100,0.0,7580,2000,19.316,19.19463351,0.27655894,5.11356242,-0.09544473,0.00486806,19.24223793,0.57513448,14.98276013,-0.10888710,0.01747672
low_flow,17,0.70833333,0.30681483,200,0.0,7580,2000,19.316,19.13442219,0.08284218,-2.38257807,-0.11652103,0.00000000,19.24223793,0.57513448,14.98276013,-0.10888710,0.01747672
low_flow,18,0.75000000,0.30000000,30,1.0,7580,2000,19.316,19.23279597,0.54074937,11.87483793,-0.11041207,0.01676914,19.23951200,0.59584000,13.43032206,-0.11297600,0.01851200
low_flow,18,0.75000000,0.30000000,40,1.0,7580,2000,19.316,19.22543091,0.49089855,10.48136669,-0.10740418,0.01554473,19.23951200,0.59584000,13.43032206,-0.11297600,0.01851200
low_flow,18,0.75000000,0.30000000,50,1.0,7580,2000,19.316,19.22030200,0.44559755,9.22291724,-0.10226605,0.01243216,19.23951200,0.59584000,13.43032206,-0.11297600,0.01851200
low_flow,18,0.75000000,0.30000000,100,0.0,7580,2000,19.316,19.19113351,0.28707593,4.20905062,-0.09504240,0.00207722,19.23951200,0.59584000,13.43032206,-0.11297600,0.01851200
low_flow,18,0.75000000,0.30000000,200,0.0,7580,2000,19.316,19.12855828,0.09455429,-2.97458585,-0.11289143,0.00000000,19.23951200,0.59584000,13.43032206,-0.11297600,0.01851200
low_flow,19,0.79166667,0.30681483,30,1.0,7580,2000,19.316,19.23597566,0.55883565,10.25124672,-0.09974246,0.01707204,19.24223793,0.61654552,11.66010572,-0.10888710,0.01954728
low_flow,19,0.79166667,0.30681483,40,1.0,7580,2000,19.316,19.23055832,0.50964869,8.97975421,-0.09961106,0.01451376,19.24223793,0.61654552,11.66010572,-0.10888710,0.01954728
low_flow,19,0.79166667,0.30681483,50,1.0,7580,2000,19.316,19.22486575,0.46130218,7.82800647,-0.10188384,0.01015679,19.24223793,0.61654552,11.66010572,-0.10888710,0.01954728
low_flow,19,0.79166667,0.30681483,100,0.0,7580,2000,19.316,19.19332058,0.29787032,3.18300570,-0.09309447,0.00144051,19.24223793,0.61654552,11.66010572,-0.10888710,0.01954728
low_flow,19,0.79166667,0.30681483,200,0.0,7580,2000,19.316,19.13493335,0.09950856,-3.65014670,-0.11318931,0.00000000,19.24223793,0.61654552,11.66010572,-0.10888710,0.01954728
low_flow,20,0.83333333,0.32679492,30,1.0,7580,2000,19.316,19.24355145,0.57796715,8.44900053,-0.09288553,0.02301370,19.25022997,0.63584000,9.70240000,-0.09689905,0.02051200
low_flow,20,0.83333333,0.32679492,40,1.0,7580,2000,19.316,19.23867613,0.52671389,7.32255592,-0.08895628,0.01526948,19.25022997,0.63584000,9.70240000,-0.09689905,0.02051200
low_flow,20,0.83333333,0.32679492,50,1.0,7580,2000,19.316,19.23188915,0.47660245,6.29054564,-0.09000154,0.01448235,19.25022997,0.63584000,9.70240000,-0.09689905,0.02051200
low_flow,20,0.83333333,0.32679492,100,0.0,7580,2000,19.316,19.20440054,0.31040748,2.04035774,-0.08742872,0.00330824,19.25022997,0.63584000,9.70240000,-0.09689905,0.02051200
low_flow,20,0.83333333,0.32679492,200,0.0,7580,2000,19.316,19.14410106,0.10402421,-4.39746511,-0.11296599,0.00000000,19.25022997,0.63584000,9.70240000,-0.09689905,0.02051200
low_flow,21,0.87500000,0.35857864,30,1.0,7580,2000,19.316,19.25967118,0.59283032,6.51250763,-0.07840759,0.01264932,19.26294346,0.65240854,7.59070178,-0.07782881,0.02134043
low_flow,21,0.87500000,0.35857864,40,1.0,7580,2000,19.316,19.24985647,0.54272943,5.53366789,-0.07507577,0.01701527,19.26294346,0.65240854,7.59070178,-0.07782881,0.02134043
low_flow,21,0.87500000,0.35857864,50,1.0,7580,2000,19.316,19.24182154,0.49061287,4.62712949,-0.07345473,0.01538510,19.26294346,0.65240854,7.59070178,-0.07782881,0.02134043
low_flow,21,0.87500000,0.35857864,100,0.0,7580,2000,19.316,19.21563275,0.32064394,0.81182197,-0.07545368,0.00766510,19.26294346,0.65240854,7.59070178,-0.07782881,0.02134043
low_flow,21,0.87500000,0.35857864,200,0.0,7580,2000,19.316,19.15300316,0.11223550,-5.20011401,-0.10208834,0.00000000,19.26294346,0.65240854,7.59070178,-0.07782881,0.02134043
low_flow,22,0.91666667,0.40000000,30,1.0,7580,2000,19.316,19.27262693,0.60561379,4.46874262,-0.05208538,0.02229100,19.27951200,0.66512203,5.36114281,-0.05297600,0.02197610
low_flow,22,0.91666667,0.40000000,40,1.0,7580,2000,19.316,19.26678846,0.54678050,3.64244424,-0.05199025,0.01349230,19.27951200,0.66512203,5.36114281,-0.05297600,0.02197610
low_flow,22,0.91666667,0.40000000,50,1.0,7580,2000,19.316,19.26278694,0.50014059,2.87366792,-0.05850191,0.01273089,19.27951200,0.66512203,5.36114281,-0.05297600,0.02197610
low_flow,22,0.91666667,0.40000000,100,0.0,7580,2000,19.316,19.22813906,0.32504640,-0.48256117,-0.06315845,0.00427005,19.27951200,0.66512203,5.36114281,-0.05297600,0.02197610
low_flow,22,0.91666667,0.40000000,200,0.0,7580,2000,19.316,19.17119363,0.11927015,-6.05577936,-0.09080615,0.00000000,19.27951200,0.66512203,5.36114281,-0.05297600,0.02197610
low_flow,23,0.95833333,0.44823619,30,1.0,7580,2000,19.316,19.29357655,0.61114891,2.35047491,-0.02197966,0.01935398,19.29880648,0.67311407,3.05187146,-0.02403429,0.02237570
low_flow,23,0.95833333,0.44823619,40,1.0,7580,2000,19.316,19.28619231,0.55392859,1.68426722,-0.03085698,0.01518487,19.29880648,0.67311407,3.05187146,-0.02403429,0.02237570
low_flow,23,0.95833333,0.44823619,50,1.0,7580,2000,19.316,19.28066512,0.50817967,1.05315068,-0.03245570,0.01641903,19.29880648,0.67311407,3.05187146,-0.02403429,0.02237570
low_flow,23,0.95833333,0.44823619,100,0.0,7580,2000,19.316,19.25228530,0.33102609,-1.82696196,-0.04487657,0.00538508,19.29880648,0.67311407,3.05187146,-0.02403429,0.02237570
low_flow,23,0.95833333,0.44823619,200,0.0,7580,2000,19.316,19.18791022,0.12177781,-6.93463949,-0.08297278,0.00000000,19.29880648,0.67311407,3.05187146,-0.02403429,0.02237570
low_flow,24,1.00000000,0.50000000,30,1.0,7580,2000,19.316,19.31060236,0.61520907,0.19689957,0.00193900,0.02038012,19.31951200,0.67584000,0.70240000,0.00702400,0.02251200
low_flow,24,1.00000000,0.50000000,40,1.0,7580,2000,19.316,19.30269216,0.55543307,-0.30533332,-0.00419172,0.01850676,19.31951200,0.67584000,0.70240000,0.00702400,0.02251200
low_flow,24,1.00000000,0.50000000,50,1.0,7580,2000,19.316,19.30550659,0.50730425,-0.79860406,-0.00599839,0.01794822,19.31951200,0.67584000,0.70240000,0.00702400,0.02251200
low_flow,24,1.00000000,0.50000000,100,0.0,7580,2000,19.316,19.26906725,0.33342830,-3.18798531,-0.03121980,0.00252623,19.31951200,0.67584000,0.70240000,0.00702400,0.02251200
low_flow,24,1.00000000,0.50000000,200,0.0,7580,2000,19.316,19.21066479,0.12191302,-7.83028319,-0.06883576,0.00000000,19.31951200,0.67584000,0.70240000,0.00702400,0.02251200
medium_flow,1,0.04166667,0.55176381,30,1.0,18700,15400,28.818,28.84491234,1.10106425,3.75866950,0.04374509,0.02528613,28.84988152,1.20959407,4.58467146,0.05341029,0.03003970
medium_flow,1,0.04166667,0.55176381,40,1.0,18700,15400,28.818,28.83896379,1.01160557,2.98621100,0.03389176,0.02453344,28.84988152,1.20959407,4.58467146,0.05341029,0.03003970
medium_flow,1,0.04166667,0.55176381,50,1.0,18700,15400,28.818,28.82981291,0.93040682,2.25713006,0.03094799,0.01904011,28.84988152,1.20959407,4.58467146,0.05341029,0.03003970
medium_flow,1,0.04166667,0.55176381,100,0.0,18700,15400,28.818,28.79931625,0.64468000,-0.93401005,-0.00217546,0.01236730,28.84988152,1.20959407,4.58467146,0.05341029,0.03003970
medium_flow,1,0.04166667,0.55176381,200,0.0,18700,15400,28.818,28.74100022,0.32674134,-6.34958757,-0.05285373,0.00000000,28.84988152,1.20959407,4.58467146,0.05341029,0.03003970
medium_flow,2,0.08333333,0.60000000,30,1.0,18700,15400,28.818,28.86210910,1.09406391,5.87744346,0.06947112,0.02136719,28.86917600,1.20160203,6.89394281,0.08235200,0.02964010
medium_flow,2,0.08333333,0.60000000,40,1.0,18700,15400,28.818,28.86039787,1.00840546,4.94151388,0.05791615,0.02249776,28.86917600,1.20160203,6.89394281,0.08235200,0.02964010
medium_flow,2,0.08333333,0.60000000,50,1.0,18700,15400,28.818,28.85060355,0.92326348,4.07607465,0.05400322,0.02138768,28.86917600,1.20160203,6.89394281,0.08235200,0.02964010
medium_flow,2,0.08333333,0.60000000,100,0.0,18700,15400,28.818,28.81818719,0.64000423,0.41221166,0.01622299,0.00855797,28.86917600,1.20160203,6.89394281,0.08235200,0.02964010
medium_flow,2,0.08333333,0.60000000,200,0.0,18700,15400,28.818,28.76089199,0.32485724,-5.47218546,-0.04023916,0.00000000,28.86917600,1.20160203,6.89394281,0.08235200,0.02964010
medium_flow,3,0.12500000,0.64142136,30,1.0,18700,15400,28.818,28.88344019,1.08287509,7.92352090,0.09214556,0.02678408,28.88574454,1.18888854,9.12350178,0.10720481,0.02900443
medium_flow,3,0.12500000,0.64142136,40,1.0,18700,15400,28.818,28.87438334,0.99079457,6.83213596,0.08527657,0.02193244,28.88574454,1.18888854,9.12350178,0.10720481,0.02900443
medium_flow,3,0.12500000,0.64142136,50,1.0,18700,15400,28.818,28.86436062,0.91359758,5.83205483,0.07172856,0.01967496,28.88574454,1.18888854,9.12350178,0.10720481,0.02900443
medium_flow,3,0.12500000,0.64142136,100,0.0,18700,15400,28.818,28.83433324,0.62798295,1.70532564,0.02928294,0.00373355,28.88574454,1.18888854,9.12350178,0.10720481,0.02900443
medium_flow,3,0.12500000,0.64142136,200,0.0,18700,15400,28.818,28.77931423,0.31931899,-4.61917516,-0.03371579,0.00000000,28.88574454,1.18888854,9.12350178,0.10720481,0.02900443
medium_flow,4,0.16666667,0.67320508,30,1.0,18700,15400,28.818,28.89315673,1.07278814,9.85836331,0.11262407,0.02451569,28.89845803,1.17232000,11.23520000,0.12627505,0.02817600
medium_flow,4,0.16666667,0.67320508,40,1.0,18700,15400,28.818,28.88809158,0.97974170,8.62385938,0.09797011,0.02100715,28.89845803,1.17232000,11.23520000,0.12627505,0.02817600
medium_flow,4,0.16666667,0.67320508,50,1.0,18700,15400,28.818,28.87949983,0.90216822,7.49961092,0.08651149,0.01833628,28.89845803,1.17232000,11.23520000,0.12627505,0.02817600
medium_flow,4,0.16666667,0.67320508,100,0.0,18700,15400,28.818,28.85108619,0.62108987,2.93399713,0.03691217,0.00672799,28.89845803,1.17232000,11.23520000,0.12627505,0.02817600
medium_flow,4,0.16666667,0.67320508,200,0.0,18700,15400,28.818,28.78889320,0.30780967,-3.81368300,-0.02563373,0.00000000,28.89845803,1.17232000,11.23520000,0.12627505,0.02817600
medium_flow,5,0.20833333,0.69318517,30,1.0,18700,15400,28.818,28.90267600,1.04983146,11.65152160,0.12273297,0.02606282,28.90645007,1.15302552,13.19290572,0.13826310,0.02721128
medium_flow,5,0.20833333,0.69318517,40,1.0,18700,15400,28.818,28.89249815,0.96031912,10.28154568,0.10872905,0.02235537,28.90645007,1.15302552,13.19290572,0.13826310,0.02721128
medium_flow,5,0.20833333,0.69318517,50,1.0,18700,15400,28.818,28.88842277,0.88679744,9.03604459,0.09684441,0.01800482,28.90645007,1.15302552,13.19290572,0.13826310,0.02721128
medium_flow,5,0.20833333,0.69318517,100,0.0,18700,15400,28.818,28.85601828,0.60723672,4.07166552,0.04768362,0.00577595,28.90645007,1.15302552,13.19290572,0.13826310,0.02721128
medium_flow,5,0.20833333,0.69318517,200,0.0,18700,15400,28.818,28.79825771,0.30734212,-3.06910128,-0.02222110,0.00000000,28.90645007,1.15302552,13.19290572,0.13826310,0.02721128
medium_flow,6,0.25000000,0.70000000,30,1.0,18700,15400,28.818,28.90609836,1.03189086,13.27916955,0.12431784,0.02077561,28.90917600,1.13232000,14.96312206,0.14235200,0.02617600
medium_flow,6,0.25000000,0.70000000,40,1.0,18700,15400,28.818,28.89807163,0.94470977,11.78170939,0.11226195,0.02073934,28.90917600,1.13232000,14.96312206,0.14235200,0.02617600
medium_flow,6,0.25000000,0.70000000,50,1.0,18700,15400,28.818,28.89149224,0.87064609,10.43359989,0.09684844,0.01311649,28.90917600,1.13232000,14.96312206,0.14235200,0.02617600
medium_flow,6,0.25000000,0.70000000,100,0.0,18700,15400,28.818,28.86317949,0.60070103,5.09744832,0.04704312,0.00741667,28.90917600,1.13232000,14.96312206,0.14235200,0.02617600
medium_flow,6,0.25000000,0.70000000,200,0.0,18700,15400,28.818,28.80303768,0.30077840,-2.38785211,-0.01841061,0.00000000,28.90917600,1.13232000,14.96312206,0.14235200,0.02617600
medium_flow,7,0.29166667,0.69318517,30,1.0,18700,15400,28.818,28.90047297,1.01173127,14.69985989,0.12694439,0.02563522,28.90645007,1.11161448,16.51556013,0.13826310,0.02514072
medium_flow,7,0.29166667,0.69318517,40,1.0,18700,15400,28.818,28.89672216,0.92520447,13.09794743,0.11045137,0.02019079,28.90645007,1.11161448,16.51556013,0.13826310,0.02514072
medium_flow,7,0.29166667,0.69318517,50,1.0,18700,15400,28.818,28.89094940,0.85405773,11.65585808,0.09814239,0.01747743,28.90645007,1.11161448,16.51556013,0.13826310,0.02514072
medium_flow,7,0.29166667,0.69318517,100,0.0,18700,15400,28.818,28.85488284,0.58645473,6.00095746,0.04582584,0.00998033,28.90645007,1.11161448,16.51556013,0.13826310,0.02514072
medium_flow,7,0.29166667,0.69318517,200,0.0,18700,15400,28.818,28.80190806,0.29199878,-1.79584067,-0.01652657,0.00000000,28.90645007,1.11161448,16.51556013,0.13826310,0.02514072
medium_flow,8,0.33333333,0.67320508,30,1.0,18700,15400,28.818,28.89286363,0.99244150,15.90277313,0.11196944,0.01857451,28.89845803,1.09232000,17.82365727,0.12627505,0.02417600
medium_flow,8,0.33333333,0.67320508,40,1.0,18700,15400,28.818,28.88635564,0.91053546,14.20838942,0.10080118,0.01851103,28.89845803,1.09232000,17.82365727,0.12627505,0.02417600
medium_flow,8,0.33333333,0.67320508,50,1.0,18700,15400,28.818,28.88095561,0.83768291,12.68396997,0.08526432,0.01573412,28.89845803,1.09232000,17.82365727,0.12627505,0.02417600
medium_flow,8,0.33333333,0.67320508,100,0.0,18700,15400,28.818,28.84896584,0.57256914,6.76361388,0.04219826,0.00248240,28.89845803,1.09232000,17.82365727,0.12627505,0.02417600
medium_flow,8,0.33333333,0.67320508,200,0.0,18700,15400,28.818,28.79021266,0.28390743,-1.29495893,-0.02175174,0.00000000,28.89845803,1.09232000,17.82365727,0.12627505,0.02417600
medium_flow,9,0.37500000,0.64142136,30,1.0,18700,15400,28.818,28.87805445,0.97726055,16.85805764,0.09511160,0.02299445,28.88574454,1.07575146,18.86503159,0.10720481,0.02334757
medium_flow,9,0.37500000,0.64142136,40,1.0,18700,15400,28.818,28.87594450,0.89638932,15.08482649,0.08221332,0.01822054,28.88574454,1.07575146,18.86503159,0.10720481,0.02334757
medium_flow,9,0.37500000,0.64142136,50,1.0,18700,15400,28.818,28.86734038,0.82339260,13.50486135,0.07140532,0.01412778,28.88574454,1.07575146,18.86503159,0.10720481,0.02334757
medium_flow,9,0.37500000,0.64142136,100,0.0,18700,15400,28.818,28.83836745,0.56463291,7.36852983,0.03087479,0.00329531,28.88574454,1.07575146,18.86503159,0.10720481,0.02334757
medium_flow,9,0.37500000,0.64142136,200,0.0,18700,15400,28.818,28.77678206,0.27846771,-0.90193042,-0.03531544,0.00000000,28.88574454,1.07575146,18.86503159,0.10720481,0.02334757
medium_flow,10,0.41666667,0.60000000,30,1.0,18700,15400,28.818,28.86323422,0.96782603,17.55147567,0.07398067,0.01449094,28.86917600,1.06303797,19.62186487,0.08235200,0.02271190
medium_flow,10,0.41666667,0.60000000,40,1.0,18700,15400,28.818,28.85796787,0.88900251,15.72644348,0.06103022,0.01574159,28.86917600,1.06303797,19.62186487,0.08235200,0.02271190
medium_flow,10,0.41666667,0.60000000,50,1.0,18700,15400,28.818,28.84938731,0.81388525,14.10314227,0.05651887,0.01421151,28.86917600,1.06303797,19.62186487,0.08235200,0.02271190
medium_flow,10,0.41666667,0.60000000,100,0.0,18700,15400,28.818,28.82498612,0.55811648,7.81156835,0.01569247,0.00546671,28.86917600,1.06303797,19.62186487,0.08235200,0.02271190
medium_flow,10,0.41666667,0.60000000,200,0.0,18700,15400,28.818,28.76190695,0.27709739,-0.60903603,-0.04198247,0.00000000,28.86917600,1.06303797,19.62186487,0.08235200,0.02271190
medium_flow,11,0.45833333,0.55176381,30,1.0,18700,15400,28.818,28.84315786,0.95945255,17.97494335,0.04506243,0.02002715,28.84988152,1.05504593,20.08120750,0.05341029,0.02231230
medium_flow,11,0.45833333,0.55176381,40,1.0,18700,15400,28.818,28.83790949,0.87977989,16.11882239,0.03338902,0.01824187,28.84988152,1.05504593,20.08120750,0.05341029,0.02231230
medium_flow,11,0.45833333,0.55176381,50,1.0,18700,15400,28.818,28.82991748,0.80536023,14.46185759,0.03022330,0.01318173,28.84988152,1.05504593,20.08120750,0.05341029,0.02231230
medium_flow,11,0.45833333,0.55176381,100,0.0,18700,15400,28.818,28.80354359,0.55071445,8.07430675,-0.00211726,0.00487909,28.84988152,1.05504593,20.08120750,0.05341029,0.02231230
medium_flow,11,0.45833333,0.55176381,200,0.0,18700,15400,28.818,28.74243925,0.26567350,-0.43396842,-0.05148839,0.00000000,28.84988152,1.05504593,20.08120750,0.05341029,0.02231230
medium_flow,12,0.50000000,0.50000000,30,1.0,18700,15400,28.818,28.81925882,0.95790655,18.11396174,0.01629958,0.01928899,28.82917600,1.05232000,20.23520000,0.02235200,0.02217600
medium_flow,12,0.50000000,0.50000000,40,1.0,18700,15400,28.818,28.81762712,0.87869191,16.24625237,0.00859843,0.01460657,28.82917600,1.05232000,20.23520000,0.02235200,0.02217600
medium_flow,12,0.50000000,0.50000000,50,1.0,18700,15400,28.818,28.81175383,0.80858832,14.58236567,0.00059660,0.01105343,28.82917600,1.05232000,20.23520000,0.02235200,0.02217600
medium_flow,12,0.50000000,0.50000000,100,0.0,18700,15400,28.818,28.77950993,0.55069850,8.16383439,-0.01892749,0.00426953,28.82917600,1.05232000,20.23520000,0.02235200,0.02217600
medium_flow,12,0.50000000,0.50000000,200,0.0,18700,15400,28.818,28.72327468,0.26529682,-0.37836586,-0.06251095,0.00000000,28.82917600,1.05232000,20.23520000,0.02235200,0.02217600
medium_flow,13,0.54166667,0.44823619,30,1.0,18700,15400,28.818,28.80324986,0.96063716,17.97283127,-0.00881087,0.01822558,28.80847048,1.05504593,20.08120750,-0.00870629,0.02231230
medium_flow,13,0.54166667,0.44823619,40,1.0,18700,15400,28.818,28.80059107,0.87865586,16.11541843,-0.01523837,0.01475624,28.80847048,1.05504593,20.08120750,-0.00870629,0.02231230
medium_flow,13,0.54166667,0.44823619,50,1.0,18700,15400,28.818,28.78896696,0.80903890,14.46308558,-0.02009968,0.01654355,28.80847048,1.05504593,20.08120750,-0.00870629,0.02231230
medium_flow,13,0.54166667,0.44823619,100,0.0,18700,15400,28.818,28.76278549,0.55627140,8.07617947,-0.03433494,0.00121067,28.80847048,1.05504593,20.08120750,-0.00870629,0.02231230
medium_flow,13,0.54166667,0.44823619,200,0.0,18700,15400,28.818,28.69983466,0.26595528,-0.43517853,-0.07646591,0.00000000,28.80847048,1.05504593,20.08120750,-0.00870629,0.02231230
medium_flow,14,0.58333333,0.40000000,30,1.0,18700,15400,28.818,28.78694035,0.96742475,17.55253848,-0.03900399,0.01998803,28.78917600,1.06303797,19.62186487,-0.03764800,0.02271190
medium_flow,14,0.58333333,0.40000000,40,1.0,18700,15400,28.818,28.77718803,0.88677628,15.73102966,-0.03661030,0.01786661,28.78917600,1.06303797,19.62186487,-0.03764800,0.02271190
medium_flow,14,0.58333333,0.40000000,50,1.0,18700,15400,28.818,28.77235509,0.81223604,14.10011155,-0.03976352,0.01661532,28.78917600,1.06303797,19.62186487,-0.03764800,0.02271190
medium_flow,14,0.58333333,0.40000000,100,0.0,18700,15400,28.818,28.74159922,0.55981812,7.80904251,-0.05148776,0.00578331,28.78917600,1.06303797,19.62186487,-0.03764800,0.02271190
medium_flow,14,0.58333333,0.40000000,200,0.0,18700,15400,28.818,28.68046460,0.27141136,-0.61659979,-0.08560369,0.00000000,28.78917600,1.06303797,19.62186487,-0.03764800,0.02271190
medium_flow,15,0.62500000,0.35857864,30,1.0,18700,15400,28.818,28.76316053,0.98033148,16.85832349,-0.06366505,0.01899559,28.77260746,1.07575146,18.86503159,-0.06250081,0.02334757
medium_flow,15,0.62500000,0.35857864,40,1.0,18700,15400,28.818,28.76334854,0.89568572,15.09180074,-0.06097063,0.01860215,28.77260746,1.07575146,18.86503159,-0.06250081,0.02334757
medium_flow,15,0.62500000,0.35857864,50,1.0,18700,15400,28.818,28.75784121,0.82481045,13.50235089,-0.06143269,0.01531269,28.77260746,1.07575146,18.86503159,-0.06250081,0.02334757
medium_flow,15,0.62500000,0.35857864,100,0.0,18700,15400,28.818,28.72187797,0.56492523,7.36655724,-0.06648897,0.00564339,28.77260746,1.07575146,18.86503159,-0.06250081,0.02334757
medium_flow,15,0.62500000,0.35857864,200,0.0,18700,15400,28.818,28.66404187,0.27537980,-0.89916002,-0.09462164,0.00000000,28.77260746,1.07575146,18.86503159,-0.06250081,0.02334757
medium_flow,16,0.66666667,0.32679492,30,1.0,18700,15400,28.818,28.75181079,0.99683780,15.90115447,-0.08166951,0.02206744,28.75989397,1.09232000,17.82365727,-0.08157105,0.02417600
medium_flow,16,0.66666667,0.32679492,40,1.0,18700,15400,28.818,28.74882071,0.90763348,14.20525326,-0.07565684,0.01923691,28.75989397,1.09232000,17.82365727,-0.08157105,0.02417600
medium_flow,16,0.66666667,0.32679492,50,1.0,18700,15400,28.818,28.74315793,0.83478595,12.68503788,-0.07683441,0.01507064,28.75989397,1.09232000,17.82365727,-0.08157105,0.02417600
medium_flow,16,0.66666667,0.32679492,100,0.0,18700,15400,28.818,28.71363508,0.57802832,6.76618018,-0.07679541,0.00583635,28.75989397,1.09232000,17.82365727,-0.08157105,0.02417600
medium_flow,16,0.66666667,0.32679492,200,0.0,18700,15400,28.818,28.65259941,0.28344968,-1.29683502,-0.10287246,0.00000000,28.75989397,1.09232000,17.82365727,-0.08157105,0.02417600
medium_flow,17,0.70833333,0.30681483,30,1.0,18700,15400,28.818,28.74578337,1.01087122,14.70106108,-0.08856622,0.02207087,28.75190193,1.11161448,16.51556013,-0.09355910,0.02514072
medium_flow,17,0.70833333,0.30681483,40,1.0,18700,15400,28.818,28.74058235,0.92838632,13.09548771,-0.08577488,0.02006338,28.75190193,1.11161448,16.51556013,-0.09355910,0.02514072
medium_flow,17,0.70833333,0.30681483,50,1.0,18700,15400,28.818,28.73143231,0.85567160,11.65337656,-0.08897877,0.01470576,28.75190193,1.11161448,16.51556013,-0.09355910,0.02514072
medium_flow,17,0.70833333,0.30681483,100,0.0,18700,15400,28.818,28.70185984,0.58639183,6.00152214,-0.08706849,0.00785610,28.75190193,1.11161448,16.51556013,-0.09355910,0.02514072
medium_flow,17,0.70833333,0.30681483,200,0.0,18700,15400,28.818,28.64458168,0.28991243,-1.79553144,-0.10647731,0.00000000,28.75190193,1.11161448,16.51556013,-0.09355910,0.02514072
medium_flow,18,0.75000000,0.30000000,30,1.0,18700,15400,28.818,28.74244712,1.02696527,13.27770704,-0.09359459,0.02510574,28.74917600,1.13232000,14.96312206,-0.09764800,0.02617600
medium_flow,18,0.75000000,0.30000000,40,1.0,18700,15400,28.818,28.73955127,0.94499877,11.77961119,-0.08978222,0.01912722,28.74917600,1.13232000,14.96312206,-0.09764800,0.02617600
medium_flow,18,0.75000000,0.30000000,50,1.0,18700,15400,28.818,28.73117321,0.87106282,10.43087033,-0.08727683,0.01896583,28.74917600,1.13232000,14.96312206,-0.09764800,0.02617600
medium_flow,18,0.75000000,0.30000000,100,0.0,18700,15400,28.818,28.69926642,0.60027337,5.10088670,-0.08856824,0.00569396,28.74917600,1.13232000,14.96312206,-0.09764800,0.02617600
medium_flow,18,0.75000000,0.30000000,200,0.0,18700,15400,28.818,28.63945759,0.29610788,-2.38779952,-0.11118148,0.00000000,28.74917600,1.13232000,14.96312206,-0.09764800,0.02617600
medium_flow,19,0.79166667,0.30681483,30,1.0,18700,15400,28.818,28.74341842,1.04991344,11.65380253,-0.08494378,0.02120984,28.75190193,1.15302552,13.19290572,-0.09355910,0.02721128
medium_flow,19,0.79166667,0.30681483,40,1.0,18700,15400,28.818,28.74284596,0.96243996,10.28125092,-0.08705068,0.02194986,28.75190193,1.15302552,13.19290572,-0.09355910,0.02721128
medium_flow,19,0.79166667,0.30681483,50,1.0,18700,15400,28.818,28.73359456,0.88830221,9.03720180,-0.08340411,0.01713747,28.75190193,1.15302552,13.19290572,-0.09355910,0.02721128
medium_flow,19,0.79166667,0.30681483,100,0.0,18700,15400,28.818,28.70378143,0.60821975,4.07120407,-0.08350457,0.00766580,28.75190193,1.15302552,13.19290572,-0.09355910,0.02721128
medium_flow,19,0.79166667,0.30681483,200,0.0,18700,15400,28.818,28.64350816,0.30285684,-3.06499839,-0.11089517,0.00000000,28.75190193,1.15302552,13.19290572,-0.09355910,0.02721128
medium_flow,20,0.83333333,0.32679492,30,1.0,18700,15400,28.818,28.75434754,1.07066096,9.86314136,-0.08000899,0.02772014,28.75989397,1.17232000,11.23520000,-0.08157105,0.02817600
medium_flow,20,0.83333333,0.32679492,40,1.0,18700,15400,28.818,28.74838147,0.97818903,8.62222112,-0.07700417,0.02209876,28.75989397,1.17232000,11.23520000,-0.08157105,0.02817600
medium_flow,20,0.83333333,0.32679492,50,1.0,18700,15400,28.818,28.74107730,0.89779039,7.49352692,-0.07492268,0.01863243,28.75989397,1.17232000,11.23520000,-0.08157105,0.02817600
medium_flow,20,0.83333333,0.32679492,100,0.0,18700,15400,28.818,28.71070179,0.62159841,2.93368289,-0.07906430,0.00706929,28.75989397,1.17232000,11.23520000,-0.08157105,0.02817600
medium_flow,20,0.83333333,0.32679492,200,0.0,18700,15400,28.818,28.65434655,0.31560875,-3.81076661,-0.10118666,0.00000000,28.75989397,1.17232000,11.23520000,-0.08157105,0.02817600
medium_flow,21,0.87500000,0.35857864,30,1.0,18700,15400,28.818,28.76886766,1.08445163,7.92138182,-0.06030087,0.02341489,28.77260746,1.18888854,9.12350178,-0.06250081,0.02900443
medium_flow,21,0.87500000,0.35857864,40,1.0,18700,15400,28.818,28.76200890,0.98982104,6.83019197,-0.05835966,0.02426046,28.77260746,1.18888854,9.12350178,-0.06250081,0.02900443
medium_flow,21,0.87500000,0.35857864,50,1.0,18700,15400,28.818,28.75758225,0.91308936,5.83155517,-0.06169411,0.02004219,28.77260746,1.18888854,9.12350178,-0.06250081,0.02900443
medium_flow,21,0.87500000,0.35857864,100,0.0,18700,15400,28.818,28.72476543,0.63348163,1.70363896,-0.06763361,0.00688578,28.77260746,1.18888854,9.12350178,-0.06250081,0.02900443
medium_flow,21,0.87500000,0.35857864,200,0.0,18700,15400,28.818,28.66550809,0.31878047,-4.61924704,-0.09632693,0.00000000,28.77260746,1.18888854,9.12350178,-0.06250081,0.02900443
medium_flow,22,0.91666667,0.40000000,30,1.0,18700,15400,28.818,28.78263569,1.09842987,5.87452128,-0.03902724,0.02199785,28.78917600,1.20160203,6.89394281,-0.03764800,0.02964010
medium_flow,22,0.91666667,0.40000000,40,1.0,18700,15400,28.818,28.77538759,1.00278066,4.94095271,-0.03714167,0.02278885,28.78917600,1.20160203,6.89394281,-0.03764800,0.02964010
medium_flow,22,0.91666667,0.40000000,50,1.0,18700,15400,28.818,28.77375289,0.92376674,4.07837588,-0.04182169,0.02034626,28.78917600,1.20160203,6.89394281,-0.03764800,0.02964010
medium_flow,22,0.91666667,0.40000000,100,0.0,18700,15400,28.818,28.74461359,0.63396661,0.40410319,-0.05497471,0.00926167,28.78917600,1.20160203,6.89394281,-0.03764800,0.02964010
medium_flow,22,0.91666667,0.40000000,200,0.0,18700,15400,28.818,28.68255621,0.32457290,-5.46949261,-0.08433138,0.00000000,28.78917600,1.20160203,6.89394281,-0.03764800,0.02964010
medium_flow,23,0.95833333,0.44823619,30,1.0,18700,15400,28.818,28.80283859,1.10414464,3.75666590,-0.01311038,0.02795499,28.80847048,1.20959407,4.58467146,-0.00870629,0.03003970
medium_flow,23,0.95833333,0.44823619,40,1.0,18700,15400,28.818,28.79669170,1.01008240,2.98826070,-0.02027995,0.02062201,28.80847048,1.20959407,4.58467146,-0.00870629,0.03003970
medium_flow,23,0.95833333,0.44823619,50,1.0,18700,15400,28.818,28.78809634,0.92920975,2.25946831,-0.02186999,0.01868299,28.80847048,1.20959407,4.58467146,-0.00870629,0.03003970
medium_flow,23,0.95833333,0.44823619,100,0.0,18700,15400,28.818,28.75874879,0.64816721,-0.93088985,-0.03788529,0.00873778,28.80847048,1.20959407,4.58467146,-0.00870629,0.03003970
medium_flow,23,0.95833333,0.44823619,200,0.0,18700,15400,28.818,28.69817207,0.32286086,-6.35035916,-0.07731871,0.00000000,28.80847048,1.20959407,4.58467146,-0.00870629,0.03003970
medium_flow,24,1.00000000,0.50000000,30,1.0,18700,15400,28.818,28.81997559,1.10319623,1.60093946,0.01723884,0.02751935,28.82917600,1.21232000,2.23520000,0.02235200,0.03017600
medium_flow,24,1.00000000,0.50000000,40,1.0,18700,15400,28.818,28.81453502,1.01409920,0.99263686,0.01220809,0.02355160,28.82917600,1.21232000,2.23520000,0.02235200,0.03017600
medium_flow,24,1.00000000,0.50000000,50,1.0,18700,15400,28.818,28.80842323,0.93145028,0.41073073,0.00682593,0.02047865,28.82917600,1.21232000,2.23520000,0.02235200,0.03017600
medium_flow,24,1.00000000,0.50000000,100,0.0,18700,15400,28.818,28.78423956,0.64685223,-2.30097842,-0.01750441,0.01341177,28.82917600,1.21232000,2.23520000,0.02235200,0.03017600
medium_flow,24,1.00000000,0.50000000,200,0.0,18700,15400,28.818,28.72509697,0.32526156,-7.24872330,-0.06049886,0.00000000,28.82917600,1.21232000,2.23520000,0.02235200,0.03017600
flood_flow,1,0.04166667,0.55176381,30,1.0,31100,24800,32.99,33.02045244,1.56465978,5.08099776,0.05803584,0.03187842,33.02909752,1.71471407,6.02787146,0.06784229,0.03725570
flood_flow,1,0.04166667,0.55176381,40,1.0,31100,24800,32.99,33.01574910,1.43672284,4.20660662,0.05405673,0.03016765,33.02909752,1.71471407,6.02787146,0.06784229,0.03725570
flood_flow,1,0.04166667,0.55176381,50,1.0,31100,24800,32.99,33.01287104,1.32669040,3.39598357,0.03999201,0.02103178,33.02909752,1.71471407,6.02787146,0.06784229,0.03725570
flood_flow,1,0.04166667,0.55176381,100,0.0,31100,24800,32.99,32.97834151,0.93330555,-0.09992314,0.00505247,0.01631020,33.02909752,1.71471407,6.02787146,0.06784229,0.03725570
flood_flow,1,0.04166667,0.55176381,200,0.0,31100,24800,32.99,32.92100865,0.52205215,-5.79846374,-0.04454088,0.00000000,33.02909752,1.71471407,6.02787146,0.06784229,0.03725570
flood_flow,2,0.08333333,0.60000000,30,1.0,31100,24800,32.99,33.04343990,1.55975746,7.19760158,0.08591174,0.03394531,33.04839200,1.70672203,8.33714281,0.09678400,0.03685610
flood_flow,2,0.08333333,0.60000000,40,1.0,31100,24800,32.99,33.03529289,1.42912907,6.16300701,0.07419335,0.02988800,33.04839200,1.70672203,8.33714281,0.09678400,0.03685610
flood_flow,2,0.08333333,0.60000000,50,1.0,31100,24800,32.99,33.02880695,1.32142879,5.21582045,0.06544426,0.02912431,33.04839200,1.70672203,8.33714281,0.09678400,0.03685610
flood_flow,2,0.08333333,0.60000000,100,0.0,31100,24800,32.99,33.00294596,0.93027767,1.25054323,0.02320781,0.01551771,33.04839200,1.70672203,8.33714281,0.09678400,0.03685610
flood_flow,2,0.08333333,0.60000000,200,0.0,31100,24800,32.99,32.94052797,0.51559632,-4.92149982,-0.03540267,0.00000000,33.04839200,1.70672203,8.33714281,0.09678400,0.03685610
flood_flow,3,0.12500000,0.64142136,30,1.0,31100,24800,32.99,33.06089514,1.54966986,9.24262800,0.10819735,0.03077897,33.06496054,1.69400854,10.56670178,0.12163681,0.03622043
flood_flow,3,0.12500000,0.64142136,40,1.0,31100,24800,32.99,33.05170357,1.42214945,8.05475494,0.09856134,0.02773081,33.06496054,1.69400854,10.56670178,0.12163681,0.03622043
flood_flow,3,0.12500000,0.64142136,50,1.0,31100,24800,32.99,33.04895922,1.31155982,6.97182918,0.08288270,0.02542090,33.06496054,1.69400854,10.56670178,0.12163681,0.03622043
flood_flow,3,0.12500000,0.64142136,100,0.0,31100,24800,32.99,33.01672954,0.92321657,2.54475543,0.04001958,0.01424550,33.06496054,1.69400854,10.56670178,0.12163681,0.03622043
flood_flow,3,0.12500000,0.64142136,200,0.0,31100,24800,32.99,32.96003447,0.51446684,-4.06765761,-0.02482763,0.00000000,33.06496054,1.69400854,10.56670178,0.12163681,0.03622043
flood_flow,4,0.16666667,0.67320508,30,1.0,31100,24800,32.99,33.07172074,1.53023628,11.18479977,0.12581643,0.03103367,33.07767403,1.67744000,12.67840000,0.14070705,0.03539200
flood_flow,4,0.16666667,0.67320508,40,1.0,31100,24800,32.99,33.06806127,1.40221809,9.84037857,0.11283494,0.02811416,33.07767403,1.67744000,12.67840000,0.14070705,0.03539200
flood_flow,4,0.16666667,0.67320508,50,1.0,31100,24800,32.99,33.06017492,1.29566611,8.63294566,0.10279997,0.02651612,33.07767403,1.67744000,12.67840000,0.14070705,0.03539200
flood_flow,4,0.16666667,0.67320508,100,0.0,31100,24800,32.99,33.03001345,0.91437771,3.77037364,0.04554803,0.01309203,33.07767403,1.67744000,12.67840000,0.14070705,0.03539200
flood_flow,4,0.16666667,0.67320508,200,0.0,31100,24800,32.99,32.97136500,0.50209304,-3.26223886,-0.02060995,0.00000000,33.07767403,1.67744000,12.67840000,0.14070705,0.03539200
flood_flow,5,0.20833333,0.69318517,30,1.0,31100,24800,32.99,33.07977303,1.50956562,12.97884847,0.13759496,0.03008245,33.08566607,1.65814552,14.63610572,0.15269510,0.03442728
flood_flow,5,0.20833333,0.69318517,40,1.0,31100,24800,32.99,33.06870465,1.38821523,11.50594523,0.11584664,0.02648061,33.08566607,1.65814552,14.63610572,0.15269510,0.03442728
flood_flow,5,0.20833333,0.69318517,50,1.0,31100,24800,32.99,33.06530606,1.28473554,10.17314247,0.10904027,0.02523901,33.08566607,1.65814552,14.63610572,0.15269510,0.03442728
flood_flow,5,0.20833333,0.69318517,100,0.0,31100,24800,32.99,33.04133852,0.90363221,4.91011588,0.05380611,0.01439669,33.08566607,1.65814552,14.63610572,0.15269510,0.03442728
flood_flow,5,0.20833333,0.69318517,200,0.0,31100,24800,32.99,32.97614505,0.49675846,-2.51374460,-0.01684520,0.00000000,33.08566607,1.65814552,14.63610572,0.15269510,0.03442728
flood_flow,6,0.25000000,0.70000000,30,1.0,31100,24800,32.99,33.08432693,1.49532440,14.59849382,0.13959091,0.03111892,33.08839200,1.63744000,16.40632206,0.15678400,0.03339200
flood_flow,6,0.25000000,0.70000000,40,1.0,31100,24800,32.99,33.07263602,1.37051148,13.00541585,0.12540799,0.02712225,33.08839200,1.63744000,16.40632206,0.15678400,0.03339200
flood_flow,6,0.25000000,0.70000000,50,1.0,31100,24800,32.99,33.07411099,1.26775994,11.56967960,0.11687346,0.02286530,33.08839200,1.63744000,16.40632206,0.15678400,0.03339200
flood_flow,6,0.25000000,0.70000000,100,0.0,31100,24800,32.99,33.03879623,0.89285559,5.93943732,0.05810006,0.00934916,33.08839200,1.63744000,16.40632206,0.15678400,0.03339200
flood_flow,6,0.25000000,0.70000000,200,0.0,31100,24800,32.99,32.98501169,0.49063079,-1.83950959,-0.01032692,0.00000000,33.08839200,1.63744000,16.40632206,0.15678400,0.03339200
flood_flow,7,0.29166667,0.69318517,30,1.0,31100,24800,32.99,33.07916030,1.47686718,16.02334296,0.13679250,0.03251098,33.08566607,1.61673448,17.95876013,0.15269510,0.03235672
flood_flow,7,0.29166667,0.69318517,40,1.0,31100,24800,32.99,33.07459842,1.35436154,14.31827403,0.12058195,0.02491303,33.08566607,1.61673448,17.95876013,0.15269510,0.03235672
flood_flow,7,0.29166667,0.69318517,50,1.0,31100,24800,32.99,33.06691045,1.25235190,12.78728959,0.10995636,0.02171836,33.08566607,1.61673448,17.95876013,0.15269510,0.03235672
flood_flow,7,0.29166667,0.69318517,100,0.0,31100,24800,32.99,33.03841996,0.87770793,6.84379687,0.05926749,0.01273123,33.08566607,1.61673448,17.95876013,0.15269510,0.03235672
flood_flow,7,0.29166667,0.69318517,200,0.0,31100,24800,32.99,32.97463656,0.48373247,-1.24470169,-0.01692997,0.00000000,33.08566607,1.61673448,17.95876013,0.15269510,0.03235672
flood_flow,8,0.33333333,0.67320508,30,1.0,31100,24800,32.99,33.07240310,1.45915343,17.22637037,0.12567150,0.03074722,33.07767403,1.59744000,19.26685727,0.14070705,0.03139200
flood_flow,8,0.33333333,0.67320508,40,1.0,31100,24800,32.99,33.06812610,1.33302860,15.42721027,0.11091396,0.02109919,33.07767403,1.59744000,19.26685727,0.14070705,0.03139200
flood_flow,8,0.33333333,0.67320508,50,1.0,31100,24800,32.99,33.05986240,1.23782429,13.81858062,0.09946575,0.01988646,33.07767403,1.59744000,19.26685727,0.14070705,0.03139200
flood_flow,8,0.33333333,0.67320508,100,0.0,31100,24800,32.99,33.02833021,0.87169897,7.60057609,0.05073085,0.00650873,33.07767403,1.59744000,19.26685727,0.14070705,0.03139200
flood_flow,8,0.33333333,0.67320508,200,0.0,31100,24800,32.99,32.97339867,0.47591523,-0.74660268,-0.01714393,0.00000000,33.07767403,1.59744000,19.26685727,0.14070705,0.03139200
flood_flow,9,0.37500000,0.64142136,30,1.0,31100,24800,32.99,33.06132560,1.44219282,18.18099699,0.10661010,0.02587867,33.06496054,1.58087146,20.30823159,0.12163681,0.03056357
flood_flow,9,0.37500000,0.64142136,40,1.0,31100,24800,32.99,33.05434988,1.32523339,16.31166925,0.09506446,0.02492773,33.06496054,1.58087146,20.30823159,0.12163681,0.03056357
flood_flow,9,0.37500000,0.64142136,50,1.0,31100,24800,32.99,33.04612285,1.22674014,14.63759767,0.08629889,0.02380162,33.06496054,1.58087146,20.30823159,0.12163681,0.03056357
flood_flow,9,0.37500000,0.64142136,100,0.0,31100,24800,32.99,33.01525622,0.86356986,8.20910237,0.04066136,0.00982556,33.06496054,1.58087146,20.30823159,0.12163681,0.03056357
flood_flow,9,0.37500000,0.64142136,200,0.0,31100,24800,32.99,32.95652609,0.46796723,-0.34798551,-0.02277136,0.00000000,33.06496054,1.58087146,20.30823159,0.12163681,0.03056357
flood_flow,10,0.41666667,0.60000000,30,1.0,31100,24800,32.99,33.04056911,1.43282589,18.87758989,0.08610198,0.02794779,33.04839200,1.56815797,21.06506487,0.09678400,0.02992790
flood_flow,10,0.41666667,0.60000000,40,1.0,31100,24800,32.99,33.03585014,1.31208945,16.95001351,0.07074941,0.02383652,33.04839200,1.56815797,21.06506487,0.09678400,0.02992790
flood_flow,10,0.41666667,0.60000000,50,1.0,31100,24800,32.99,33.03022510,1.21139008,15.23075402,0.06171324,0.02280696,33.04839200,1.56815797,21.06506487,0.09678400,0.02992790
flood_flow,10,0.41666667,0.60000000,100,0.0,31100,24800,32.99,32.99906275,0.85244093,8.64434937,0.02714718,0.00911189,33.04839200,1.56815797,21.06506487,0.09678400,0.02992790
flood_flow,10,0.41666667,0.60000000,200,0.0,31100,24800,32.99,32.94097208,0.46818514,-0.05686602,-0.03567267,0.00000000,33.04839200,1.56815797,21.06506487,0.09678400,0.02992790
flood_flow,11,0.45833333,0.55176381,30,1.0,31100,24800,32.99,33.02244643,1.42486469,19.29695240,0.05745014,0.02902454,33.02909752,1.56016593,21.52440750,0.06784229,0.02952830
flood_flow,11,0.45833333,0.55176381,40,1.0,31100,24800,32.99,33.01686910,1.31177370,17.34120479,0.05306410,0.02373862,33.02909752,1.56016593,21.52440750,0.06784229,0.02952830
flood_flow,11,0.45833333,0.55176381,50,1.0,31100,24800,32.99,33.01302344,1.20452789,15.59664485,0.04233853,0.02222773,33.02909752,1.56016593,21.52440750,0.06784229,0.02952830
flood_flow,11,0.45833333,0.55176381,100,0.0,31100,24800,32.99,32.98117804,0.84450043,8.91146989,0.00458892,0.00563237,33.02909752,1.56016593,21.52440750,0.06784229,0.02952830
flood_flow,11,0.45833333,0.55176381,200,0.0,31100,24800,32.99,32.92131649,0.46273327,0.11539588,-0.05062683,0.00000000,33.02909752,1.56016593,21.52440750,0.06784229,0.02952830
flood_flow,12,0.50000000,0.50000000,30,1.0,31100,24800,32.99,33.00206640,1.42553603,19.43552609,0.02896543,0.02937684,33.00839200,1.55744000,21.67840000,0.03678400,0.02939200
flood_flow,12,0.50000000,0.50000000,40,1.0,31100,24800,32.99,32.99729196,1.30599103,17.47175459,0.02383277,0.02446369,33.00839200,1.55744000,21.67840000,0.03678400,0.02939200
flood_flow,12,0.50000000,0.50000000,50,1.0,31100,24800,32.99,32.98877303,1.20558683,15.71686029,0.01762052,0.02050079,33.00839200,1.55744000,21.67840000,0.03678400,0.02939200
flood_flow,12,0.50000000,0.50000000,100,0.0,31100,24800,32.99,32.95915941,0.84544300,9.00247585,-0.01275736,0.00838114,33.00839200,1.55744000,21.67840000,0.03678400,0.02939200
flood_flow,12,0.50000000,0.50000000,200,0.0,31100,24800,32.99,32.89818402,0.46008834,0.17189830,-0.05653635,0.00000000,33.00839200,1.55744000,21.67840000,0.03678400,0.02939200
flood_flow,13,0.54166667,0.44823619,30,1.0,31100,24800,32.99,32.98055389,1.42259569,19.29981314,0.00191353,0.02566671,32.98768648,1.56016593,21.52440750,0.00572571,0.02952830
flood_flow,13,0.54166667,0.44823619,40,1.0,31100,24800,32.99,32.97668392,1.30296014,17.34093704,0.00084733,0.02328867,32.98768648,1.56016593,21.52440750,0.00572571,0.02952830
flood_flow,13,0.54166667,0.44823619,50,1.0,31100,24800,32.99,32.96982230,1.20707337,15.60014358,-0.01148650,0.01688597,32.98768648,1.56016593,21.52440750,0.00572571,0.02952830
flood_flow,13,0.54166667,0.44823619,100,0.0,31100,24800,32.99,32.94010706,0.84564346,8.91681446,-0.02930144,0.00529855,32.98768648,1.56016593,21.52440750,0.00572571,0.02952830
flood_flow,13,0.54166667,0.44823619,200,0.0,31100,24800,32.99,32.87715045,0.45498383,0.11495446,-0.07019138,0.00000000,32.98768648,1.56016593,21.52440750,0.00572571,0.02952830
flood_flow,14,0.58333333,0.40000000,30,1.0,31100,24800,32.99,32.96454976,1.43357407,18.87540681,-0.02956847,0.02769135,32.96839200,1.56815797,21.06506487,-0.02321600,0.02992790
flood_flow,14,0.58333333,0.40000000,40,1.0,31100,24800,32.99,32.95750272,1.31456621,16.95371285,-0.03000423,0.02738014,32.96839200,1.56815797,21.06506487,-0.02321600,0.02992790
flood_flow,14,0.58333333,0.40000000,50,1.0,31100,24800,32.99,32.94847314,1.21376850,15.23329056,-0.03214084,0.02359801,32.96839200,1.56815797,21.06506487,-0.02321600,0.02992790
flood_flow,14,0.58333333,0.40000000,100,0.0,31100,24800,32.99,32.91987020,0.85339959,8.64760465,-0.04570759,0.01212764,32.96839200,1.56815797,21.06506487,-0.02321600,0.02992790
flood_flow,14,0.58333333,0.40000000,200,0.0,31100,24800,32.99,32.85991868,0.45997210,-0.06150538,-0.07975869,0.00000000,32.96839200,1.56815797,21.06506487,-0.02321600,0.02992790
flood_flow,15,0.62500000,0.35857864,30,1.0,31100,24800,32.99,32.94268934,1.44139210,18.18024168,-0.04883077,0.02428815,32.95182346,1.58087146,20.30823159,-0.04806881,0.03056357
flood_flow,15,0.62500000,0.35857864,40,1.0,31100,24800,32.99,32.93856672,1.32326435,16.31190882,-0.04711804,0.02360971,32.95182346,1.58087146,20.30823159,-0.04806881,0.03056357
flood_flow,15,0.62500000,0.35857864,50,1.0,31100,24800,32.99,32.93303938,1.22256052,14.63910038,-0.05214312,0.01918536,32.95182346,1.58087146,20.30823159,-0.04806881,0.03056357
flood_flow,15,0.62500000,0.35857864,100,0.0,31100,24800,32.99,32.90255383,0.85678436,8.20743551,-0.05848755,0.00659532,32.95182346,1.58087146,20.30823159,-0.04806881,0.03056357
flood_flow,15,0.62500000,0.35857864,200,0.0,31100,24800,32.99,32.84387371,0.46794618,-0.34808355,-0.09037275,0.00000000,32.95182346,1.58087146,20.30823159,-0.04806881,0.03056357
flood_flow,16,0.66666667,0.32679492,30,1.0,31100,24800,32.99,32.93058519,1.45810013,17.22807340,-0.07002383,0.02849145,32.93910997,1.59744000,19.26685727,-0.06713905,0.03139200
flood_flow,16,0.66666667,0.32679492,40,1.0,31100,24800,32.99,32.92948921,1.33845666,15.42894555,-0.06630364,0.02436466,32.93910997,1.59744000,19.26685727,-0.06713905,0.03139200
flood_flow,16,0.66666667,0.32679492,50,1.0,31100,24800,32.99,32.91786814,1.23063809,13.82263929,-0.06683538,0.02080705,32.93910997,1.59744000,19.26685727,-0.06713905,0.03139200
flood_flow,16,0.66666667,0.32679492,100,0.0,31100,24800,32.99,32.88833708,0.86592425,7.60131353,-0.07249348,0.01100710,32.93910997,1.59744000,19.26685727,-0.06713905,0.03139200
flood_flow,16,0.66666667,0.32679492,200,0.0,31100,24800,32.99,32.83201504,0.47535162,-0.74576048,-0.09447005,0.00000000,32.93910997,1.59744000,19.26685727,-0.06713905,0.03139200
flood_flow,17,0.70833333,0.30681483,30,1.0,31100,24800,32.99,32.92500806,1.47800802,16.02845580,-0.07943720,0.02806036,32.93111793,1.61673448,17.95876013,-0.07912710,0.03235672
flood_flow,17,0.70833333,0.30681483,40,1.0,31100,24800,32.99,32.92183418,1.35613012,14.31967877,-0.07549223,0.02465335,32.93111793,1.61673448,17.95876013,-0.07912710,0.03235672
flood_flow,17,0.70833333,0.30681483,50,1.0,31100,24800,32.99,32.91369437,1.25001452,12.79067085,-0.07414761,0.02112159,32.93111793,1.61673448,17.95876013,-0.07912710,0.03235672
flood_flow,17,0.70833333,0.30681483,100,0.0,31100,24800,32.99,32.88418219,0.88579039,6.83758563,-0.07735610,0.00929167,32.93111793,1.61673448,17.95876013,-0.07912710,0.03235672
flood_flow,17,0.70833333,0.30681483,200,0.0,31100,24800,32.99,32.82427274,0.48216734,-1.24398769,-0.09985017,0.00000000,32.93111793,1.61673448,17.95876013,-0.07912710,0.03235672
flood_flow,18,0.75000000,0.30000000,30,1.0,31100,24800,32.99,32.92465610,1.49004994,14.60485252,-0.07959483,0.03179055,32.92839200,1.63744000,16.40632206,-0.08321600,0.03339200
flood_flow,18,0.75000000,0.30000000,40,1.0,31100,24800,32.99,32.91395225,1.37099948,13.00395464,-0.07855611,0.02686444,32.92839200,1.63744000,16.40632206,-0.08321600,0.03339200
flood_flow,18,0.75000000,0.30000000,50,1.0,31100,24800,32.99,32.91256103,1.26329239,11.57031147,-0.07750785,0.02288535,32.92839200,1.63744000,16.40632206,-0.08321600,0.03339200
flood_flow,18,0.75000000,0.30000000,100,0.0,31100,24800,32.99,32.87744977,0.89300610,5.93373112,-0.07908461,0.00842974,32.92839200,1.63744000,16.40632206,-0.08321600,0.03339200
flood_flow,18,0.75000000,0.30000000,200,0.0,31100,24800,32.99,32.82049892,0.48973876,-1.83570594,-0.10411914,0.00000000,32.92839200,1.63744000,16.40632206,-0.08321600,0.03339200
flood_flow,19,0.79166667,0.30681483,30,1.0,31100,24800,32.99,32.92410473,1.51628019,12.97869252,-0.07736493,0.03011176,32.93111793,1.65814552,14.63610572,-0.07912710,0.03442728
flood_flow,19,0.79166667,0.30681483,40,1.0,31100,24800,32.99,32.91598358,1.39098502,11.49995979,-0.07355327,0.02743290,32.93111793,1.65814552,14.63610572,-0.07912710,0.03442728
flood_flow,19,0.79166667,0.30681483,50,1.0,31100,24800,32.99,32.91789184,1.28092613,10.17428737,-0.07070823,0.02649087,32.93111793,1.65814552,14.63610572,-0.07912710,0.03442728
flood_flow,19,0.79166667,0.30681483,100,0.0,31100,24800,32.99,32.88172551,0.90448603,4.90936779,-0.07744022,0.01061850,32.93111793,1.65814552,14.63610572,-0.07912710,0.03442728
flood_flow,19,0.79166667,0.30681483,200,0.0,31100,24800,32.99,32.82293929,0.49468387,-2.51342986,-0.10130114,0.00000000,32.93111793,1.65814552,14.63610572,-0.07912710,0.03442728
flood_flow,20,0.83333333,0.32679492,30,1.0,31100,24800,32.99,32.92987987,1.53341284,11.18228868,-0.06704749,0.03090852,32.93910997,1.67744000,12.67840000,-0.06713905,0.03539200
flood_flow,20,0.83333333,0.32679492,40,1.0,31100,24800,32.99,32.92410863,1.40450850,9.84333116,-0.06244066,0.02671421,32.93910997,1.67744000,12.67840000,-0.06713905,0.03539200
flood_flow,20,0.83333333,0.32679492,50,1.0,31100,24800,32.99,32.92239040,1.29724227,8.63348802,-0.06514818,0.02661383,32.93910997,1.67744000,12.67840000,-0.06713905,0.03539200
flood_flow,20,0.83333333,0.32679492,100,0.0,31100,24800,32.99,32.89004035,0.91211076,3.76839889,-0.07209809,0.01007862,32.93910997,1.67744000,12.67840000,-0.06713905,0.03539200
flood_flow,20,0.83333333,0.32679492,200,0.0,31100,24800,32.99,32.83193039,0.50431274,-3.25616682,-0.10110102,0.00000000,32.93910997,1.67744000,12.67840000,-0.06713905,0.03539200
flood_flow,21,0.87500000,0.35857864,30,1.0,31100,24800,32.99,32.94356755,1.54564947,9.24450466,-0.05275057,0.03270340,32.95182346,1.69400854,10.56670178,-0.04806881,0.03622043
flood_flow,21,0.87500000,0.35857864,40,1.0,31100,24800,32.99,32.94362927,1.41969358,8.05535163,-0.04668644,0.02836737,32.95182346,1.69400854,10.56670178,-0.04806881,0.03622043
flood_flow,21,0.87500000,0.35857864,50,1.0,31100,24800,32.99,32.93266154,1.30681352,6.97151961,-0.05007580,0.02349465,32.95182346,1.69400854,10.56670178,-0.04806881,0.03622043
flood_flow,21,0.87500000,0.35857864,100,0.0,31100,24800,32.99,32.90407665,0.92372133,2.54237442,-0.05873440,0.01038162,32.95182346,1.69400854,10.56670178,-0.04806881,0.03622043
flood_flow,21,0.87500000,0.35857864,200,0.0,31100,24800,32.99,32.84591809,0.50877277,-4.06823312,-0.08650098,0.00000000,32.95182346,1.69400854,10.56670178,-0.04806881,0.03622043
flood_flow,22,0.91666667,0.40000000,30,1.0,31100,24800,32.99,32.96258721,1.55641897,7.19769633,-0.02515253,0.03288798,32.96839200,1.70672203,8.33714281,-0.02321600,0.03685610
flood_flow,22,0.91666667,0.40000000,40,1.0,31100,24800,32.99,32.95621026,1.43131294,6.16494651,-0.03055853,0.02820096,32.96839200,1.70672203,8.33714281,-0.02321600,0.03685610
flood_flow,22,0.91666667,0.40000000,50,1.0,31100,24800,32.99,32.95222125,1.31863895,5.21430027,-0.03191982,0.02624325,32.96839200,1.70672203,8.33714281,-0.02321600,0.03685610
flood_flow,22,0.91666667,0.40000000,100,0.0,31100,24800,32.99,32.91961473,0.93523504,1.24818922,-0.04812128,0.01477042,32.96839200,1.70672203,8.33714281,-0.02321600,0.03685610
flood_flow,22,0.91666667,0.40000000,200,0.0,31100,24800,32.99,32.85884270,0.51526663,-4.91725678,-0.08184456,0.00000000,32.96839200,1.70672203,8.33714281,-0.02321600,0.03685610
flood_flow,23,0.95833333,0.44823619,30,1.0,31100,24800,32.99,32.98013746,1.56439428,5.07884456,0.00012167,0.03537793,32.98768648,1.71471407,6.02787146,0.00572571,0.03725570
flood_flow,23,0.95833333,0.44823619,40,1.0,31100,24800,32.99,32.97694407,1.44156740,4.21290093,-0.00520913,0.02971347,32.98768648,1.71471407,6.02787146,0.00572571,0.03725570
flood_flow,23,0.95833333,0.44823619,50,1.0,31100,24800,32.99,32.96733408,1.32611334,3.39509532,-0.00960587,0.02423142,32.98768648,1.71471407,6.02787146,0.00572571,0.03725570
flood_flow,23,0.95833333,0.44823619,100,0.0,31100,24800,32.99,32.93939791,0.93449335,-0.09373932,-0.03050660,0.01927943,32.98768648,1.71471407,6.02787146,0.00572571,0.03725570
flood_flow,23,0.95833333,0.44823619,200,0.0,31100,24800,32.99,32.87878371,0.51961505,-5.80187638,-0.06640243,0.00000000,32.98768648,1.71471407,6.02787146,0.00572571,0.03725570
flood_flow,24,1.00000000,0.50000000,30,1.0,31100,24800,32.99,33.00298583,1.56543942,2.92510023,0.02750393,0.03622930,33.00839200,1.71744000,3.67840000,0.03678400,0.03739200
flood_flow,24,1.00000000,0.50000000,40,1.0,31100,24800,32.99,32.99801039,1.44064851,2.21241538,0.02120605,0.03106366,33.00839200,1.71744000,3.67840000,0.03678400,0.03739200
flood_flow,24,1.00000000,0.50000000,50,1.0,31100,24800,32.99,32.99281777,1.33203330,1.54319393,0.01756688,0.02847355,33.00839200,1.71744000,3.67840000,0.03678400,0.03739200
flood_flow,24,1.00000000,0.50000000,100,0.0,31100,24800,32.99,32.95707533,0.93849582,-1.46084766,-0.01121548,0.01003521,33.00839200,1.71744000,3.67840000,0.03678400,0.03739200
flood_flow,24,1.00000000,0.50000000,200,0.0,31100,24800,32.99,32.89974060,0.51985684,-6.69632668,-0.05908725,0.00000000,33.00839200,1.71744000,3.67840000,0.03678400,0.03739200
